"FORMAT"	"G4_1a_S29_bwa_mapped.sorted.bam.variant10"	"G4_1a_S32_bwa_mapped.sorted.bam.variant11"	"ID11_6a_S31_bwa_mapped.sorted.bam.variant12"	"ID11_8a_S30_bwa_mapped.sorted.bam.variant13"	"ID18_10a_S58_bwa_mapped.sorted.bam.variant14"	"ID18_2a_S50_bwa_mapped.sorted.bam.variant15"	"ID18_3a_S51_bwa_mapped.sorted.bam.variant16"	"ID18_4a_S52_bwa_mapped.sorted.bam.variant17"	"ID18_5a_S53_bwa_mapped.sorted.bam.variant18"	"ID18_6a_S54_bwa_mapped.sorted.bam.variant19"	"ID18_7a_S55_bwa_mapped.sorted.bam.variant20"	"ID18_8a_S56_bwa_mapped.sorted.bam.variant21"	"ID18_9a_S57_bwa_mapped.sorted.bam.variant22"	"ID331_1a_S1_bwa_mapped.sorted.bam.variant23"	"ID8_10a_S68_bwa_mapped.sorted.bam.variant24"	"ID8_1a_S59_bwa_mapped.sorted.bam.variant25"	"ID8_2a_S60_bwa_mapped.sorted.bam.variant26"	"ID8_3a_S61_bwa_mapped.sorted.bam.variant27"	"ID8_4a_S62_bwa_mapped.sorted.bam.variant28"	"ID8_5a_S63_bwa_mapped.sorted.bam.variant29"	"ID8_6a_S64_bwa_mapped.sorted.bam.variant30"	"ID8_7a_S65_bwa_mapped.sorted.bam.variant31"	"ID8_8a_S66_bwa_mapped.sorted.bam.variant32"	"ID8_9a_S67_bwa_mapped.sorted.bam.variant33"	"T3_10a_S61_bwa_mapped.sorted.bam.variant44"	"T3_1a_S52_bwa_mapped.sorted.bam.variant45"	"T3_2a_S53_bwa_mapped.sorted.bam.variant46"	"T3_3a_S54_bwa_mapped.sorted.bam.variant47"	"T3_4a_S55_bwa_mapped.sorted.bam.variant48"	"T3_5a_S56_bwa_mapped.sorted.bam.variant49"	"T3_6a_S57_bwa_mapped.sorted.bam.variant50"	"T3_7a_S58_bwa_mapped.sorted.bam.variant51"	"T3_8a_S59_bwa_mapped.sorted.bam.variant52"	"T3_9a_S60_bwa_mapped.sorted.bam.variant53"	"T7_10a_S150_bwa_mapped.sorted.bam.variant54"	"T7_1a_S142_bwa_mapped.sorted.bam.variant55"	"T7_2a_S143_bwa_mapped.sorted.bam.variant56"	"T7_3a_S144_bwa_mapped.sorted.bam.variant57"	"T7_4a_S145_bwa_mapped.sorted.bam.variant58"	"T7_5a_S146_bwa_mapped.sorted.bam.variant59"	"T7_6a_S147_bwa_mapped.sorted.bam.variant60"	"T7_6a_S76_bwa_mapped.sorted.bam.variant61"	"T7_8a_S148_bwa_mapped.sorted.bam.variant62"	"T7_9a_S149_bwa_mapped.sorted.bam.variant63"	"WA13_10a_S20_bwa_mapped.sorted.bam.variant64"	"WA13_6a_S16_bwa_mapped.sorted.bam.variant65"	"WA13_7a_S17_bwa_mapped.sorted.bam.variant66"	"WA13_8a_S18_bwa_mapped.sorted.bam.variant67"	"WA13_9a_S19_bwa_mapped.sorted.bam.variant68"	"alpha3_10a_S29_bwa_mapped.sorted.bam.variant"	"alpha3_1a_S21_bwa_mapped.sorted.bam.variant2"	"alpha3_2a_S22_bwa_mapped.sorted.bam.variant3"	"alpha3_4a_S23_bwa_mapped.sorted.bam.variant4"	"alpha3_5a_S24_bwa_mapped.sorted.bam.variant5"	"alpha3_6a_S25_bwa_mapped.sorted.bam.variant6"	"alpha3_7a_S26_bwa_mapped.sorted.bam.variant7"	"alpha3_8a_S27_bwa_mapped.sorted.bam.variant8"	"alpha3_9a_S28_bwa_mapped.sorted.bam.variant9"	"phiX_10a_S159_bwa_mapped.sorted.bam.variant34"	"phiX_1a_S151_bwa_mapped.sorted.bam.variant35"	"phiX_3a_S152_bwa_mapped.sorted.bam.variant37"	"phiX_4a_S153_bwa_mapped.sorted.bam.variant38"	"phiX_5a_S154_bwa_mapped.sorted.bam.variant39"	"phiX_6a_S155_bwa_mapped.sorted.bam.variant40"	"phiX_7a_S156_bwa_mapped.sorted.bam.variant41"	"phiX_8a_S157_bwa_mapped.sorted.bam.variant42"	"phiX_9a_S158_bwa_mapped.sorted.bam.variant43"	"phix_2a_S33_bwa_mapped.sorted.bam.variant36"
74457	NA	NA	NA	NA	NA	NA	NA	NA	NA	NA	NA	NA	NA	NA	NA	NA	NA	NA	NA	NA	NA	NA	NA	NA	NA	NA	NA	NA	NA	NA	NA	NA	NA	"74457"	NA	NA	NA	NA	NA	NA	NA	NA	NA	NA	NA	NA	NA	NA	NA	NA	NA	NA	NA	NA	NA	NA	NA	NA	NA	NA	NA	NA	NA	NA	NA	NA	NA	NA
74532	NA	NA	NA	NA	NA	NA	NA	"74532"	NA	NA	NA	NA	NA	NA	NA	NA	NA	NA	NA	NA	NA	NA	NA	NA	NA	NA	NA	NA	NA	"74532"	"74532"	NA	NA	NA	NA	NA	NA	NA	NA	NA	NA	NA	NA	NA	NA	NA	NA	NA	NA	NA	NA	NA	NA	NA	NA	NA	NA	NA	NA	NA	NA	NA	NA	NA	NA	NA	NA	NA
74871	NA	NA	NA	NA	NA	NA	NA	NA	NA	NA	NA	NA	NA	NA	NA	NA	NA	NA	NA	NA	NA	NA	NA	NA	NA	NA	NA	NA	"74871"	NA	NA	NA	NA	NA	NA	NA	NA	NA	NA	NA	NA	NA	NA	NA	NA	NA	NA	NA	NA	NA	NA	NA	NA	NA	NA	NA	NA	NA	NA	NA	NA	NA	NA	NA	NA	NA	NA	NA
75153	NA	NA	NA	NA	NA	NA	NA	NA	NA	NA	NA	NA	NA	NA	NA	"75153"	NA	NA	NA	NA	NA	NA	NA	NA	NA	NA	NA	NA	NA	NA	NA	NA	NA	NA	NA	NA	NA	NA	NA	NA	NA	NA	NA	NA	NA	NA	NA	NA	NA	NA	NA	NA	NA	NA	NA	NA	NA	NA	NA	NA	NA	NA	NA	NA	NA	NA	NA	NA
75158	NA	NA	NA	NA	NA	NA	NA	NA	NA	NA	NA	NA	NA	NA	NA	NA	NA	NA	NA	NA	NA	NA	NA	NA	NA	NA	NA	NA	NA	NA	NA	NA	NA	NA	NA	NA	NA	NA	NA	NA	NA	NA	NA	NA	NA	NA	NA	NA	NA	NA	NA	NA	NA	NA	NA	NA	NA	NA	NA	NA	NA	"75158"	NA	NA	NA	NA	NA	NA
75215	NA	NA	NA	NA	NA	NA	NA	NA	NA	NA	NA	NA	NA	NA	NA	NA	NA	NA	NA	NA	NA	NA	NA	NA	NA	NA	NA	NA	NA	NA	NA	NA	"75215"	NA	NA	NA	NA	NA	NA	NA	NA	NA	NA	NA	NA	NA	NA	NA	NA	NA	NA	NA	NA	NA	NA	NA	NA	NA	NA	NA	NA	NA	NA	NA	NA	NA	NA	NA
75269	NA	NA	NA	NA	NA	NA	NA	NA	NA	NA	NA	NA	NA	NA	NA	NA	NA	NA	"75269"	NA	NA	NA	NA	NA	NA	NA	NA	NA	NA	NA	NA	NA	NA	NA	NA	NA	NA	NA	NA	NA	NA	NA	NA	NA	NA	NA	NA	NA	NA	NA	NA	NA	NA	NA	NA	NA	NA	NA	NA	NA	NA	NA	NA	NA	NA	NA	NA	NA
75663	NA	NA	NA	NA	NA	NA	NA	NA	NA	NA	NA	NA	NA	NA	NA	NA	NA	NA	NA	NA	NA	NA	NA	NA	NA	NA	NA	NA	NA	NA	NA	NA	NA	NA	NA	NA	NA	NA	NA	NA	NA	NA	NA	NA	NA	NA	NA	NA	"75663"	NA	NA	NA	NA	NA	NA	NA	NA	NA	NA	NA	NA	NA	NA	NA	NA	NA	NA	NA
75861	NA	NA	NA	NA	NA	NA	NA	NA	NA	NA	NA	NA	"75861"	NA	NA	NA	NA	NA	NA	NA	NA	NA	NA	NA	NA	NA	NA	NA	NA	NA	NA	NA	NA	NA	NA	NA	NA	NA	NA	NA	NA	NA	NA	NA	NA	NA	NA	NA	NA	NA	NA	NA	NA	NA	NA	NA	NA	NA	NA	NA	NA	NA	NA	NA	NA	NA	NA	NA
76486	NA	NA	NA	NA	NA	NA	NA	NA	NA	NA	NA	NA	NA	NA	NA	NA	NA	NA	NA	NA	NA	NA	NA	NA	NA	NA	NA	NA	NA	NA	NA	NA	NA	NA	NA	NA	NA	NA	NA	NA	NA	NA	NA	NA	NA	NA	NA	NA	NA	NA	NA	NA	NA	NA	NA	NA	NA	NA	NA	NA	NA	NA	NA	"76486"	NA	NA	NA	NA
77056	NA	NA	NA	NA	NA	NA	NA	NA	NA	NA	NA	NA	NA	NA	"77056"	NA	NA	NA	NA	NA	NA	NA	NA	NA	NA	NA	NA	NA	NA	NA	NA	NA	NA	NA	NA	NA	NA	NA	NA	NA	NA	NA	NA	NA	NA	NA	NA	NA	NA	NA	NA	NA	NA	NA	NA	NA	NA	NA	NA	NA	NA	NA	NA	NA	NA	NA	NA	NA
77160	NA	NA	NA	NA	NA	NA	NA	NA	NA	NA	NA	NA	NA	NA	NA	NA	NA	NA	NA	NA	NA	NA	NA	NA	NA	NA	NA	NA	NA	NA	NA	NA	NA	NA	NA	NA	NA	NA	NA	NA	NA	NA	NA	NA	NA	NA	NA	NA	NA	NA	NA	NA	NA	NA	NA	NA	NA	NA	NA	NA	NA	NA	NA	NA	NA	"77160"	NA	NA
77211	NA	NA	NA	NA	NA	NA	NA	NA	NA	NA	NA	NA	NA	NA	NA	NA	NA	NA	NA	NA	NA	"77211"	NA	NA	NA	NA	NA	NA	NA	NA	NA	NA	NA	NA	NA	NA	NA	NA	NA	NA	NA	NA	NA	NA	NA	NA	NA	NA	NA	NA	NA	NA	NA	NA	NA	NA	NA	NA	NA	NA	NA	NA	NA	NA	NA	NA	NA	NA
77317	NA	NA	NA	NA	NA	NA	NA	NA	NA	NA	NA	NA	NA	NA	NA	NA	NA	NA	NA	NA	NA	NA	NA	NA	NA	NA	NA	NA	NA	NA	NA	NA	NA	NA	NA	NA	NA	NA	NA	NA	NA	NA	NA	NA	NA	NA	NA	NA	NA	NA	NA	NA	NA	NA	NA	NA	NA	NA	NA	NA	NA	NA	NA	NA	NA	NA	NA	"77317"
77318	NA	NA	NA	NA	NA	NA	NA	NA	NA	NA	NA	NA	NA	NA	NA	NA	NA	NA	NA	NA	NA	NA	NA	NA	NA	NA	NA	NA	NA	NA	NA	NA	NA	NA	NA	NA	NA	NA	NA	NA	NA	NA	NA	NA	NA	NA	NA	NA	NA	NA	NA	NA	NA	NA	NA	NA	NA	NA	NA	NA	"77318"	NA	NA	NA	NA	NA	NA	NA
77414	NA	NA	NA	NA	NA	NA	NA	NA	NA	NA	NA	NA	NA	NA	NA	NA	NA	NA	NA	NA	NA	NA	"77414"	NA	NA	NA	NA	NA	NA	NA	NA	NA	NA	NA	NA	NA	NA	NA	NA	NA	NA	NA	NA	NA	NA	NA	NA	NA	NA	NA	NA	NA	NA	NA	NA	NA	NA	NA	NA	NA	NA	NA	NA	NA	NA	NA	NA	NA
78024	NA	NA	NA	NA	NA	NA	"78024"	NA	NA	NA	NA	NA	NA	NA	NA	NA	NA	NA	NA	NA	NA	NA	NA	NA	NA	NA	NA	NA	NA	NA	NA	NA	NA	NA	NA	NA	NA	NA	NA	NA	NA	NA	NA	NA	NA	NA	NA	NA	NA	NA	NA	NA	NA	NA	NA	NA	NA	NA	NA	NA	NA	NA	NA	NA	NA	NA	NA	NA
78121	NA	NA	NA	NA	NA	NA	NA	NA	NA	NA	NA	NA	NA	NA	NA	NA	NA	"78121"	NA	NA	NA	NA	NA	NA	NA	NA	NA	NA	NA	NA	NA	NA	NA	NA	NA	NA	NA	NA	NA	NA	NA	NA	NA	NA	NA	NA	NA	NA	NA	NA	NA	NA	NA	NA	NA	NA	NA	NA	NA	NA	NA	NA	NA	NA	"78121"	NA	NA	NA
80485	NA	NA	NA	NA	NA	NA	NA	NA	NA	NA	NA	NA	NA	NA	NA	NA	NA	NA	NA	NA	NA	NA	NA	NA	NA	NA	NA	NA	NA	NA	NA	NA	NA	NA	NA	NA	NA	NA	NA	NA	NA	NA	NA	NA	NA	NA	NA	NA	NA	NA	"80485"	NA	NA	NA	NA	NA	NA	NA	NA	NA	NA	NA	NA	NA	NA	NA	NA	NA
80945	NA	NA	NA	NA	NA	NA	NA	NA	NA	NA	NA	NA	NA	NA	NA	NA	NA	NA	NA	NA	NA	NA	NA	NA	NA	NA	NA	NA	NA	NA	NA	NA	NA	NA	NA	NA	NA	NA	NA	NA	NA	NA	NA	NA	NA	NA	NA	NA	NA	NA	NA	NA	"80945"	NA	NA	NA	NA	NA	NA	NA	NA	NA	NA	NA	NA	NA	NA	NA
83058	NA	NA	NA	NA	NA	NA	NA	NA	NA	NA	NA	NA	NA	NA	NA	NA	NA	NA	NA	NA	NA	NA	NA	NA	NA	NA	NA	NA	NA	NA	NA	NA	NA	NA	NA	NA	NA	NA	NA	NA	NA	NA	NA	NA	NA	NA	NA	NA	NA	NA	NA	NA	NA	NA	NA	NA	NA	NA	NA	NA	NA	NA	NA	NA	NA	NA	"83058"	NA
83089	NA	NA	NA	NA	NA	NA	NA	NA	NA	NA	NA	NA	NA	NA	NA	NA	NA	NA	NA	NA	NA	NA	NA	NA	NA	NA	NA	NA	NA	NA	NA	NA	NA	NA	NA	NA	NA	NA	"83089"	NA	NA	NA	NA	NA	NA	NA	NA	NA	NA	NA	NA	NA	NA	NA	NA	NA	NA	NA	NA	NA	NA	NA	NA	NA	NA	NA	NA	NA
83670	NA	NA	NA	NA	NA	NA	NA	NA	NA	NA	NA	NA	NA	NA	NA	NA	NA	NA	NA	NA	NA	NA	NA	"83670"	NA	NA	NA	NA	NA	NA	NA	NA	NA	NA	NA	NA	NA	NA	NA	NA	NA	NA	NA	NA	NA	NA	NA	NA	NA	NA	NA	NA	NA	NA	NA	NA	NA	NA	NA	NA	NA	NA	NA	NA	NA	NA	NA	NA
83830	NA	NA	NA	NA	NA	NA	NA	NA	NA	NA	NA	NA	NA	NA	NA	NA	NA	NA	NA	NA	NA	NA	NA	NA	NA	NA	NA	NA	NA	NA	NA	NA	NA	NA	NA	NA	NA	NA	NA	NA	NA	NA	NA	NA	NA	NA	"83830"	NA	NA	NA	NA	NA	NA	NA	NA	NA	NA	NA	NA	NA	NA	NA	NA	NA	NA	NA	NA	NA
83892	NA	NA	NA	"83892"	NA	NA	NA	NA	NA	NA	NA	NA	NA	NA	NA	NA	NA	NA	NA	NA	NA	NA	NA	NA	NA	NA	NA	NA	NA	NA	NA	NA	NA	NA	NA	NA	NA	NA	NA	NA	NA	NA	NA	NA	NA	NA	NA	NA	NA	NA	NA	NA	NA	NA	NA	NA	NA	NA	NA	NA	NA	NA	NA	NA	NA	NA	NA	NA
84628	NA	NA	NA	NA	NA	NA	NA	NA	NA	NA	NA	NA	NA	NA	NA	NA	NA	NA	NA	NA	NA	NA	NA	NA	NA	NA	NA	NA	NA	NA	NA	"84628"	NA	NA	NA	NA	NA	NA	NA	NA	NA	NA	NA	NA	NA	NA	NA	NA	NA	NA	NA	NA	NA	NA	NA	NA	NA	NA	NA	NA	NA	NA	NA	NA	NA	NA	NA	NA
85018	NA	NA	NA	NA	NA	NA	NA	NA	NA	NA	NA	NA	NA	NA	NA	NA	NA	NA	NA	NA	NA	NA	NA	NA	NA	NA	NA	NA	NA	NA	NA	NA	NA	NA	NA	NA	NA	NA	NA	NA	NA	NA	NA	NA	NA	NA	NA	NA	NA	NA	NA	NA	NA	NA	NA	NA	"85018"	NA	NA	NA	NA	NA	NA	NA	NA	NA	NA	NA
85324	NA	NA	NA	NA	NA	NA	NA	NA	NA	NA	NA	NA	NA	NA	NA	NA	NA	NA	NA	NA	NA	NA	NA	NA	NA	NA	NA	NA	NA	NA	NA	NA	NA	NA	NA	NA	NA	NA	NA	"85324"	NA	NA	NA	NA	NA	NA	NA	NA	NA	NA	NA	NA	NA	NA	NA	NA	NA	NA	NA	NA	NA	NA	NA	NA	NA	NA	NA	NA
85338	NA	NA	NA	NA	NA	NA	NA	NA	NA	NA	NA	NA	NA	NA	NA	NA	NA	NA	NA	NA	NA	NA	NA	NA	NA	NA	NA	NA	NA	NA	NA	NA	NA	NA	"85338"	NA	NA	NA	NA	NA	NA	NA	NA	NA	NA	NA	NA	NA	NA	NA	NA	NA	NA	NA	NA	NA	NA	NA	NA	NA	NA	NA	NA	NA	NA	NA	NA	NA
85358	NA	NA	NA	NA	NA	NA	NA	NA	NA	NA	"85358"	NA	NA	NA	NA	NA	NA	NA	NA	NA	NA	NA	NA	NA	NA	NA	NA	NA	NA	NA	NA	NA	NA	NA	NA	NA	NA	NA	NA	NA	NA	NA	NA	NA	NA	NA	NA	NA	NA	NA	NA	NA	NA	NA	NA	NA	NA	NA	NA	NA	NA	NA	NA	NA	NA	NA	NA	NA
230154	NA	NA	NA	NA	NA	NA	"230154"	NA	NA	NA	NA	NA	NA	NA	NA	NA	NA	NA	NA	NA	NA	NA	NA	NA	NA	NA	NA	NA	NA	NA	NA	NA	NA	NA	NA	NA	NA	NA	NA	NA	NA	NA	NA	NA	NA	NA	NA	NA	NA	NA	NA	NA	NA	NA	NA	NA	NA	NA	NA	NA	NA	NA	NA	NA	NA	NA	NA	NA
250536	NA	NA	NA	NA	NA	NA	NA	"250536"	NA	NA	NA	NA	NA	NA	NA	NA	NA	NA	NA	NA	"250536"	NA	NA	NA	NA	NA	NA	NA	NA	NA	NA	NA	NA	NA	NA	NA	NA	NA	NA	NA	NA	NA	NA	NA	NA	NA	NA	"250536"	NA	NA	"250536"	NA	NA	NA	NA	NA	NA	NA	NA	NA	"250536"	NA	NA	NA	NA	NA	NA	NA
250537	"250537"	"250537"	"250537"	"250537"	"250537"	"250537"	"250537"	NA	"250537"	"250537"	"250537"	"250537"	"250537"	"250537"	"250537"	"250537"	"250537"	"250537"	"250537"	"250537"	NA	"250537"	"250537"	"250537"	"250537"	NA	"250537"	"250537"	"250537"	"250537"	"250537"	"250537"	"250537"	"250537"	"250537"	"250537"	"250537"	"250537"	"250537"	"250537"	"250537"	"250537"	"250537"	"250537"	"250537"	"250537"	"250537"	NA	"250537"	"250537"	NA	"250537"	"250537"	"250537"	"250537"	"250537"	"250537"	"250537"	"250537"	"250537"	NA	"250537"	"250537"	"250537"	"250537"	"250537"	"250537"	"250537"
494992	NA	NA	NA	NA	NA	NA	NA	NA	NA	NA	NA	NA	NA	NA	NA	NA	NA	NA	NA	NA	NA	NA	NA	NA	NA	NA	NA	NA	NA	NA	NA	NA	NA	NA	NA	NA	NA	NA	NA	NA	NA	NA	NA	NA	NA	NA	NA	NA	NA	NA	NA	NA	NA	NA	NA	NA	NA	NA	NA	NA	NA	NA	NA	"494992"	NA	NA	NA	NA
494993	"494993"	"494993"	"494993"	"494993"	"494993"	"494993"	"494993"	"494993"	"494993"	"494993"	"494993"	"494993"	"494993"	"494993"	"494993"	"494993"	"494993"	"494993"	"494993"	"494993"	"494993"	"494993"	"494993"	"494993"	"494993"	"494993"	"494993"	"494993"	"494993"	"494993"	"494993"	"494993"	"494993"	"494993"	"494993"	"494993"	"494993"	"494993"	"494993"	"494993"	"494993"	"494993"	"494993"	"494993"	"494993"	"494993"	"494993"	"494993"	"494993"	"494993"	"494993"	"494993"	"494993"	"494993"	"494993"	"494993"	"494993"	"494993"	"494993"	"494993"	"494993"	"494993"	"494993"	NA	"494993"	"494993"	"494993"	"494993"
549133	NA	NA	NA	NA	NA	NA	NA	NA	NA	NA	NA	NA	NA	NA	NA	NA	NA	NA	NA	NA	NA	NA	NA	NA	NA	NA	NA	NA	"549133"	NA	NA	NA	NA	NA	NA	NA	NA	NA	NA	NA	NA	NA	NA	NA	NA	NA	NA	NA	NA	NA	NA	NA	NA	NA	NA	NA	NA	NA	NA	NA	NA	NA	NA	NA	NA	NA	NA	NA
550661	NA	NA	NA	NA	NA	NA	NA	NA	NA	NA	NA	NA	NA	NA	NA	NA	NA	NA	NA	NA	NA	NA	NA	NA	NA	NA	"550661"	NA	"550661"	NA	NA	NA	NA	NA	NA	NA	NA	NA	NA	NA	NA	NA	NA	NA	NA	NA	NA	NA	NA	NA	NA	NA	NA	NA	NA	NA	NA	NA	NA	NA	NA	NA	NA	NA	NA	NA	NA	NA
723311	NA	NA	NA	NA	NA	NA	NA	NA	NA	NA	NA	NA	NA	NA	NA	NA	"723311"	NA	NA	NA	NA	NA	NA	NA	NA	NA	NA	NA	NA	NA	NA	NA	NA	NA	NA	NA	NA	NA	NA	NA	NA	NA	NA	NA	NA	NA	NA	NA	NA	NA	NA	NA	NA	NA	NA	NA	NA	NA	NA	NA	NA	NA	NA	NA	NA	NA	NA	NA
723638	NA	NA	NA	NA	NA	NA	NA	NA	NA	NA	NA	NA	NA	NA	NA	NA	NA	NA	NA	NA	NA	NA	NA	NA	NA	NA	NA	NA	NA	NA	NA	NA	NA	NA	NA	"723638"	NA	NA	NA	NA	NA	NA	NA	NA	NA	NA	NA	NA	NA	NA	NA	NA	NA	NA	NA	NA	NA	NA	NA	NA	NA	NA	NA	NA	NA	NA	NA	NA
723793	NA	NA	NA	NA	NA	NA	NA	NA	NA	NA	NA	NA	NA	NA	NA	NA	NA	NA	NA	NA	NA	NA	NA	NA	NA	NA	NA	NA	NA	NA	NA	NA	NA	NA	NA	NA	"723793"	NA	NA	NA	NA	NA	NA	NA	NA	NA	NA	NA	NA	NA	NA	NA	NA	NA	NA	NA	NA	NA	NA	NA	NA	NA	NA	NA	NA	NA	NA	NA
723901	NA	NA	NA	NA	NA	NA	NA	NA	NA	NA	NA	NA	NA	NA	NA	NA	NA	NA	NA	NA	NA	NA	NA	NA	NA	NA	NA	NA	NA	NA	NA	NA	NA	NA	NA	NA	NA	NA	NA	NA	NA	NA	NA	NA	NA	NA	NA	NA	NA	NA	NA	NA	NA	NA	NA	NA	NA	NA	NA	"723901"	NA	NA	NA	NA	NA	NA	NA	NA
723915	NA	NA	NA	NA	NA	NA	NA	NA	NA	NA	NA	NA	NA	NA	NA	NA	NA	NA	NA	NA	NA	NA	NA	NA	NA	NA	NA	NA	NA	NA	NA	NA	NA	NA	NA	NA	NA	NA	NA	NA	NA	NA	NA	NA	NA	NA	NA	NA	NA	NA	NA	"723915"	NA	NA	NA	NA	NA	NA	NA	NA	NA	NA	NA	NA	NA	NA	NA	NA
724368	NA	NA	NA	NA	NA	NA	NA	NA	NA	NA	NA	NA	NA	NA	NA	NA	NA	NA	NA	NA	NA	NA	NA	NA	NA	NA	NA	NA	NA	NA	NA	NA	NA	NA	NA	NA	NA	NA	NA	NA	NA	NA	NA	NA	NA	"724368"	NA	NA	NA	NA	NA	NA	NA	NA	NA	NA	NA	NA	NA	NA	NA	NA	NA	NA	NA	NA	NA	NA
977793	NA	NA	NA	NA	NA	NA	NA	NA	NA	NA	NA	NA	NA	NA	NA	NA	NA	NA	NA	NA	NA	NA	NA	NA	NA	NA	NA	NA	"977793"	NA	NA	NA	NA	NA	NA	NA	NA	NA	NA	NA	NA	NA	NA	NA	NA	NA	NA	NA	NA	NA	NA	NA	NA	NA	NA	NA	NA	NA	NA	NA	NA	NA	NA	NA	NA	NA	NA	NA
1112447	NA	NA	NA	NA	NA	"1112447"	"1112447"	NA	NA	NA	NA	NA	NA	NA	NA	NA	NA	NA	NA	NA	NA	NA	NA	NA	NA	NA	NA	NA	NA	"1112447"	NA	NA	NA	NA	NA	NA	NA	NA	NA	NA	NA	NA	NA	NA	NA	NA	NA	NA	NA	NA	NA	NA	NA	NA	NA	NA	NA	NA	NA	"1112447"	NA	NA	NA	NA	NA	NA	NA	"1112447"
1112448	"1112448"	"1112448"	"1112448"	"1112448"	"1112448"	NA	NA	"1112448"	"1112448"	"1112448"	"1112448"	"1112448"	"1112448"	"1112448"	"1112448"	"1112448"	"1112448"	"1112448"	"1112448"	"1112448"	"1112448"	NA	"1112448"	"1112448"	"1112448"	"1112448"	"1112448"	"1112448"	"1112448"	NA	"1112448"	"1112448"	"1112448"	"1112448"	"1112448"	"1112448"	"1112448"	"1112448"	"1112448"	"1112448"	"1112448"	"1112448"	"1112448"	"1112448"	"1112448"	"1112448"	"1112448"	"1112448"	"1112448"	"1112448"	"1112448"	"1112448"	"1112448"	"1112448"	"1112448"	"1112448"	"1112448"	"1112448"	"1112448"	NA	"1112448"	"1112448"	"1112448"	"1112448"	"1112448"	"1112448"	"1112448"	NA
1183671	NA	NA	"1183671"	NA	NA	NA	NA	NA	NA	NA	NA	NA	NA	NA	NA	NA	NA	NA	NA	NA	NA	NA	NA	NA	NA	NA	NA	NA	NA	NA	NA	NA	NA	NA	NA	NA	NA	NA	"1183671"	NA	NA	NA	NA	NA	NA	NA	NA	"1183671"	NA	NA	NA	NA	NA	NA	NA	NA	NA	NA	NA	NA	NA	NA	NA	NA	NA	NA	NA	NA
1520897	NA	"1520897"	NA	NA	"1520897"	NA	"1520897"	"1520897"	"1520897"	NA	NA	"1520897"	"1520897"	NA	"1520897"	"1520897"	"1520897"	"1520897"	"1520897"	"1520897"	"1520897"	"1520897"	"1520897"	NA	NA	"1520897"	NA	NA	"1520897"	"1520897"	"1520897"	"1520897"	NA	"1520897"	NA	"1520897"	NA	NA	NA	NA	"1520897"	NA	"1520897"	NA	"1520897"	"1520897"	NA	"1520897"	"1520897"	NA	"1520897"	NA	"1520897"	NA	"1520897"	NA	"1520897"	NA	NA	NA	"1520897"	NA	NA	"1520897"	"1520897"	NA	NA	NA
1587356	"1587356"	NA	NA	NA	"1587356"	"1587356"	"1587356"	"1587356"	"1587356"	"1587356"	"1587356"	"1587356"	"1587356"	"1587356"	"1587356"	"1587356"	"1587356"	"1587356"	"1587356"	"1587356"	NA	"1587356"	"1587356"	"1587356"	NA	NA	NA	NA	NA	NA	NA	NA	NA	NA	NA	NA	NA	NA	NA	NA	NA	NA	NA	NA	"1587356"	NA	NA	"1587356"	NA	NA	NA	NA	"1587356"	NA	NA	NA	NA	"1587356"	NA	NA	NA	NA	NA	NA	NA	NA	NA	"1587356"
1587359	"1587359"	NA	NA	NA	"1587359"	"1587359"	"1587359"	"1587359"	"1587359"	"1587359"	"1587359"	"1587359"	NA	"1587359"	"1587359"	"1587359"	"1587359"	NA	"1587359"	"1587359"	NA	"1587359"	"1587359"	"1587359"	NA	NA	NA	"1587359"	NA	NA	NA	NA	NA	NA	NA	NA	NA	"1587359"	NA	NA	NA	NA	NA	NA	"1587359"	NA	NA	"1587359"	"1587359"	NA	NA	NA	"1587359"	NA	"1587359"	NA	NA	"1587359"	NA	NA	NA	NA	NA	NA	NA	NA	NA	"1587359"
1587386	"1587386"	NA	NA	NA	"1587386"	"1587386"	"1587386"	"1587386"	"1587386"	"1587386"	"1587386"	"1587386"	"1587386"	"1587386"	"1587386"	"1587386"	"1587386"	"1587386"	"1587386"	"1587386"	NA	"1587386"	"1587386"	"1587386"	NA	NA	NA	"1587386"	NA	NA	NA	NA	NA	NA	NA	NA	NA	NA	NA	NA	NA	NA	NA	NA	"1587386"	NA	NA	NA	NA	NA	NA	NA	"1587386"	NA	NA	NA	NA	"1587386"	NA	NA	NA	NA	NA	NA	NA	NA	NA	NA
1587389	"1587389"	NA	NA	NA	"1587389"	"1587389"	"1587389"	"1587389"	"1587389"	"1587389"	"1587389"	"1587389"	NA	"1587389"	"1587389"	NA	"1587389"	NA	"1587389"	"1587389"	NA	NA	NA	"1587389"	NA	NA	NA	"1587389"	NA	NA	NA	"1587389"	NA	NA	NA	NA	NA	NA	NA	NA	NA	NA	NA	NA	"1587389"	NA	NA	NA	NA	NA	NA	NA	"1587389"	NA	NA	NA	NA	NA	NA	NA	NA	NA	NA	NA	NA	NA	NA	NA
1587395	"1587395"	NA	NA	NA	"1587395"	"1587395"	NA	NA	NA	"1587395"	"1587395"	"1587395"	NA	"1587395"	"1587395"	NA	"1587395"	"1587395"	"1587395"	"1587395"	NA	NA	"1587395"	"1587395"	NA	NA	NA	"1587395"	NA	NA	NA	"1587395"	NA	NA	NA	NA	NA	NA	NA	NA	NA	NA	NA	NA	"1587395"	NA	NA	NA	NA	NA	NA	NA	"1587395"	NA	NA	NA	NA	NA	NA	NA	NA	NA	NA	NA	NA	NA	NA	NA
1587398	"1587398"	NA	NA	NA	NA	"1587398"	"1587398"	"1587398"	NA	"1587398"	"1587398"	"1587398"	NA	"1587398"	"1587398"	NA	"1587398"	"1587398"	"1587398"	"1587398"	NA	NA	NA	"1587398"	NA	NA	NA	"1587398"	NA	NA	NA	"1587398"	NA	NA	NA	NA	NA	NA	NA	NA	NA	NA	NA	NA	"1587398"	NA	NA	NA	NA	NA	NA	NA	"1587398"	NA	NA	NA	NA	NA	NA	NA	NA	NA	NA	NA	NA	NA	NA	NA
1587407	"1587407"	NA	NA	NA	"1587407"	"1587407"	NA	NA	NA	"1587407"	"1587407"	"1587407"	NA	"1587407"	"1587407"	NA	NA	"1587407"	NA	"1587407"	NA	NA	NA	"1587407"	NA	NA	NA	"1587407"	NA	NA	NA	"1587407"	NA	NA	NA	NA	NA	NA	NA	NA	NA	NA	NA	NA	"1587407"	NA	NA	NA	NA	NA	NA	NA	"1587407"	NA	NA	NA	NA	NA	NA	NA	NA	NA	NA	NA	NA	NA	NA	NA
1587413	"1587413"	NA	NA	NA	NA	NA	NA	NA	NA	NA	NA	NA	NA	"1587413"	"1587413"	NA	NA	NA	NA	"1587413"	NA	NA	NA	"1587413"	NA	NA	NA	NA	NA	NA	NA	NA	NA	NA	NA	NA	NA	NA	NA	NA	NA	NA	NA	NA	"1587413"	NA	NA	NA	NA	NA	NA	NA	"1587413"	NA	NA	NA	NA	NA	NA	NA	NA	NA	NA	NA	NA	NA	NA	NA
1623880	NA	NA	NA	NA	NA	NA	NA	NA	NA	NA	NA	NA	NA	NA	"1623880"	NA	NA	NA	NA	NA	NA	NA	NA	NA	NA	NA	NA	NA	NA	NA	NA	NA	NA	NA	NA	NA	NA	NA	NA	NA	NA	NA	NA	NA	NA	NA	NA	NA	NA	NA	NA	NA	NA	NA	NA	NA	NA	NA	NA	NA	NA	NA	NA	NA	NA	NA	NA	NA
1782977	NA	NA	NA	NA	NA	NA	NA	NA	NA	NA	NA	NA	NA	NA	NA	NA	NA	NA	NA	NA	NA	NA	NA	NA	NA	NA	NA	NA	NA	NA	NA	NA	NA	NA	NA	NA	NA	NA	"1782977"	NA	NA	NA	NA	NA	NA	NA	NA	NA	NA	NA	NA	NA	NA	NA	NA	NA	NA	NA	NA	NA	NA	NA	NA	NA	NA	NA	NA	NA
1904225	NA	NA	NA	NA	NA	NA	NA	NA	NA	NA	NA	NA	NA	NA	NA	NA	NA	NA	NA	NA	NA	NA	NA	NA	NA	NA	NA	NA	NA	NA	NA	NA	NA	NA	NA	NA	NA	NA	NA	NA	NA	NA	NA	NA	NA	NA	NA	NA	NA	NA	NA	NA	NA	NA	NA	NA	NA	NA	NA	NA	NA	"1904225"	NA	NA	NA	NA	NA	NA
1974345	"1974345"	"1974345"	"1974345"	"1974345"	NA	"1974345"	"1974345"	"1974345"	"1974345"	"1974345"	"1974345"	"1974345"	"1974345"	"1974345"	"1974345"	"1974345"	"1974345"	"1974345"	"1974345"	"1974345"	"1974345"	"1974345"	"1974345"	"1974345"	"1974345"	"1974345"	"1974345"	"1974345"	"1974345"	"1974345"	"1974345"	"1974345"	"1974345"	"1974345"	"1974345"	"1974345"	"1974345"	"1974345"	"1974345"	"1974345"	"1974345"	"1974345"	"1974345"	"1974345"	"1974345"	"1974345"	"1974345"	"1974345"	"1974345"	"1974345"	"1974345"	"1974345"	"1974345"	"1974345"	"1974345"	"1974345"	"1974345"	"1974345"	"1974345"	"1974345"	"1974345"	"1974345"	"1974345"	"1974345"	"1974345"	"1974345"	"1974345"	"1974345"
2156520	"2156520"	"2156520"	"2156520"	"2156520"	NA	NA	NA	NA	NA	NA	NA	"2156520"	"2156520"	"2156520"	NA	NA	NA	NA	NA	NA	NA	NA	"2156520"	"2156520"	"2156520"	"2156520"	"2156520"	"2156520"	"2156520"	"2156520"	"2156520"	"2156520"	"2156520"	"2156520"	"2156520"	"2156520"	"2156520"	"2156520"	"2156520"	NA	"2156520"	"2156520"	"2156520"	"2156520"	NA	"2156520"	"2156520"	"2156520"	"2156520"	NA	"2156520"	"2156520"	NA	"2156520"	NA	"2156520"	NA	NA	"2156520"	"2156520"	"2156520"	"2156520"	"2156520"	"2156520"	"2156520"	"2156520"	"2156520"	"2156520"
2404372	NA	NA	NA	NA	NA	NA	NA	NA	NA	NA	NA	NA	NA	NA	NA	NA	NA	NA	NA	NA	NA	NA	NA	NA	NA	NA	NA	NA	NA	NA	NA	NA	NA	NA	NA	NA	NA	NA	NA	NA	NA	NA	NA	NA	NA	NA	NA	NA	NA	NA	NA	NA	NA	"2404372"	NA	NA	NA	NA	NA	NA	NA	NA	NA	NA	NA	NA	NA	NA
2404387	NA	NA	NA	NA	NA	NA	NA	NA	NA	NA	NA	NA	NA	NA	NA	NA	NA	NA	NA	NA	NA	NA	NA	NA	NA	NA	NA	NA	NA	NA	NA	NA	NA	NA	NA	NA	NA	NA	NA	NA	NA	NA	NA	NA	NA	NA	NA	NA	NA	NA	NA	NA	NA	"2404387"	NA	NA	NA	NA	NA	NA	NA	NA	NA	NA	NA	NA	NA	NA
2542393	NA	NA	NA	NA	NA	NA	NA	NA	NA	NA	NA	NA	NA	NA	NA	NA	NA	NA	NA	NA	NA	NA	NA	NA	NA	NA	NA	NA	NA	NA	NA	NA	NA	NA	NA	NA	NA	NA	"2542393"	NA	NA	NA	NA	NA	NA	NA	NA	NA	NA	NA	NA	NA	NA	NA	NA	NA	NA	NA	NA	NA	NA	NA	NA	NA	NA	NA	NA	NA
2562879	NA	NA	NA	NA	NA	NA	NA	NA	NA	NA	NA	NA	NA	NA	NA	NA	NA	NA	NA	NA	NA	NA	NA	NA	NA	NA	NA	NA	NA	NA	NA	NA	NA	NA	NA	NA	NA	NA	NA	NA	NA	NA	NA	NA	NA	NA	NA	NA	NA	NA	NA	NA	NA	NA	NA	NA	NA	NA	NA	NA	NA	NA	NA	NA	NA	NA	"2562879"	NA
2591467	NA	NA	NA	NA	NA	NA	NA	NA	NA	NA	NA	NA	NA	NA	NA	NA	NA	NA	NA	NA	NA	NA	NA	NA	NA	NA	NA	"2591467"	NA	NA	NA	NA	NA	NA	NA	NA	NA	NA	NA	NA	NA	NA	NA	NA	NA	NA	NA	NA	NA	NA	NA	NA	NA	NA	NA	NA	NA	NA	NA	NA	NA	NA	NA	NA	NA	NA	NA	NA
2591604	NA	NA	NA	NA	NA	NA	NA	NA	NA	NA	NA	NA	NA	NA	NA	NA	NA	NA	NA	NA	"2591604"	NA	NA	NA	NA	NA	NA	NA	NA	NA	NA	NA	NA	NA	NA	NA	NA	NA	NA	NA	NA	NA	NA	NA	NA	NA	NA	NA	NA	NA	NA	NA	NA	NA	NA	NA	NA	NA	NA	NA	NA	NA	NA	NA	NA	NA	NA	NA
2591607	NA	NA	NA	NA	NA	NA	NA	NA	NA	NA	NA	NA	NA	NA	NA	NA	NA	NA	NA	NA	NA	NA	NA	NA	NA	"2591607"	NA	NA	NA	NA	NA	NA	NA	NA	NA	NA	NA	NA	NA	NA	NA	NA	NA	NA	NA	NA	NA	NA	NA	NA	NA	NA	NA	NA	NA	NA	NA	NA	NA	NA	NA	NA	NA	NA	NA	NA	NA	NA
2591646	NA	NA	NA	NA	NA	NA	NA	NA	NA	"2591646"	NA	NA	NA	NA	NA	NA	NA	NA	NA	NA	NA	NA	NA	NA	NA	NA	NA	NA	NA	NA	NA	NA	NA	NA	NA	NA	NA	NA	NA	NA	NA	NA	NA	NA	NA	NA	NA	NA	NA	NA	NA	NA	NA	NA	NA	NA	NA	NA	NA	NA	NA	NA	NA	NA	NA	NA	NA	NA
2591779	NA	NA	NA	NA	NA	NA	NA	NA	NA	NA	NA	NA	NA	NA	NA	NA	NA	NA	NA	"2591779"	NA	NA	NA	NA	NA	NA	NA	NA	NA	NA	NA	NA	NA	NA	NA	NA	NA	NA	NA	NA	NA	NA	NA	NA	NA	NA	NA	NA	NA	NA	NA	NA	NA	NA	NA	NA	NA	NA	NA	NA	NA	NA	NA	NA	NA	NA	NA	NA
2592095	NA	NA	NA	NA	NA	NA	NA	NA	NA	NA	NA	"2592095"	NA	NA	NA	NA	NA	NA	NA	NA	NA	NA	NA	NA	NA	NA	NA	NA	NA	NA	NA	NA	NA	NA	NA	NA	NA	NA	NA	NA	NA	NA	NA	NA	NA	NA	NA	NA	NA	NA	NA	NA	NA	NA	NA	NA	NA	NA	NA	NA	NA	NA	NA	NA	NA	NA	NA	NA
2952309	NA	NA	NA	NA	NA	NA	NA	NA	NA	NA	NA	NA	NA	NA	NA	NA	NA	NA	NA	NA	NA	NA	NA	NA	NA	NA	NA	NA	NA	NA	NA	NA	"2952309"	NA	NA	NA	NA	NA	NA	NA	NA	NA	NA	NA	NA	NA	NA	NA	NA	NA	NA	NA	NA	NA	NA	NA	NA	NA	NA	NA	NA	NA	NA	NA	NA	NA	NA	NA
3398319	NA	NA	NA	NA	NA	NA	NA	NA	NA	NA	NA	NA	NA	NA	NA	NA	NA	NA	NA	NA	NA	NA	NA	NA	NA	NA	NA	NA	NA	NA	NA	NA	NA	NA	NA	NA	NA	NA	NA	NA	NA	NA	NA	NA	NA	NA	NA	NA	NA	NA	NA	NA	NA	NA	NA	NA	NA	NA	NA	"3398319"	NA	NA	NA	NA	NA	NA	NA	NA
3402691	NA	NA	NA	NA	NA	NA	NA	NA	NA	NA	NA	NA	NA	NA	NA	NA	NA	NA	NA	NA	NA	NA	NA	NA	NA	NA	NA	NA	NA	NA	NA	NA	NA	"3402691"	NA	NA	NA	NA	NA	NA	NA	NA	NA	NA	NA	NA	NA	NA	NA	NA	NA	NA	NA	NA	NA	NA	NA	NA	NA	NA	NA	NA	NA	NA	NA	NA	NA	NA
3439326	NA	NA	NA	NA	NA	NA	NA	NA	NA	NA	NA	NA	NA	NA	NA	NA	NA	NA	NA	NA	NA	NA	NA	NA	NA	NA	NA	NA	NA	NA	NA	NA	NA	NA	NA	NA	NA	NA	NA	NA	NA	NA	NA	NA	NA	NA	NA	NA	NA	NA	NA	NA	NA	NA	NA	NA	NA	NA	NA	NA	NA	NA	NA	NA	NA	NA	"3439326"	NA
3579406	NA	NA	NA	NA	NA	NA	NA	NA	NA	NA	NA	NA	NA	NA	NA	NA	NA	NA	NA	NA	NA	NA	NA	NA	NA	NA	NA	NA	NA	"3579406"	NA	NA	NA	NA	NA	NA	NA	NA	NA	NA	NA	NA	NA	NA	NA	NA	NA	NA	NA	NA	NA	NA	NA	NA	NA	NA	NA	NA	NA	NA	NA	NA	NA	NA	NA	NA	NA	NA
3579899	NA	NA	NA	NA	NA	NA	NA	NA	NA	NA	NA	NA	NA	NA	NA	NA	NA	NA	NA	NA	NA	NA	NA	NA	NA	NA	NA	NA	"3579899"	NA	NA	NA	NA	NA	NA	NA	NA	NA	NA	NA	NA	NA	NA	NA	NA	NA	NA	NA	NA	NA	NA	NA	NA	NA	NA	NA	NA	NA	NA	NA	NA	NA	NA	NA	NA	NA	NA	NA
3615000	NA	NA	NA	NA	NA	NA	NA	NA	NA	NA	NA	NA	NA	NA	NA	NA	NA	NA	NA	NA	NA	NA	NA	NA	NA	NA	NA	NA	NA	NA	NA	NA	NA	NA	NA	NA	NA	NA	NA	NA	NA	NA	NA	NA	NA	NA	NA	NA	NA	NA	NA	NA	NA	NA	NA	NA	NA	NA	NA	"3615000"	NA	NA	NA	NA	NA	NA	NA	NA
3632993	NA	NA	NA	NA	NA	NA	NA	NA	NA	NA	NA	NA	NA	NA	NA	NA	NA	NA	NA	NA	NA	NA	NA	NA	NA	NA	NA	NA	NA	NA	NA	NA	NA	NA	NA	NA	NA	NA	NA	NA	NA	NA	NA	NA	NA	NA	NA	NA	NA	NA	NA	NA	NA	NA	NA	NA	NA	NA	NA	NA	NA	NA	NA	NA	"3632993"	NA	NA	NA
3641667	NA	NA	NA	NA	NA	NA	NA	NA	"3641667"	NA	NA	NA	NA	NA	NA	NA	NA	NA	NA	NA	NA	NA	NA	NA	NA	NA	NA	NA	NA	NA	NA	NA	NA	NA	NA	NA	NA	NA	NA	NA	NA	NA	NA	NA	NA	NA	NA	NA	NA	NA	NA	NA	NA	NA	NA	NA	NA	NA	NA	NA	NA	NA	NA	NA	NA	NA	NA	NA
3641703	NA	NA	NA	NA	NA	NA	NA	NA	NA	NA	NA	NA	NA	NA	NA	NA	NA	NA	NA	NA	NA	NA	NA	NA	NA	NA	NA	NA	NA	NA	NA	NA	NA	NA	NA	NA	NA	NA	NA	NA	NA	NA	NA	NA	NA	NA	NA	NA	NA	NA	NA	NA	NA	"3641703"	NA	NA	NA	NA	NA	NA	NA	NA	NA	NA	NA	NA	NA	NA
3641712	NA	NA	NA	NA	NA	NA	NA	NA	NA	NA	NA	NA	NA	NA	NA	NA	NA	NA	NA	NA	NA	NA	NA	NA	NA	NA	NA	NA	NA	NA	NA	NA	NA	NA	NA	NA	NA	"3641712"	NA	NA	NA	NA	NA	NA	NA	NA	NA	NA	NA	NA	NA	NA	NA	NA	NA	NA	NA	NA	NA	NA	NA	NA	NA	NA	NA	NA	NA	NA
3641755	NA	NA	NA	NA	NA	NA	NA	NA	NA	NA	NA	NA	NA	NA	NA	NA	NA	NA	NA	NA	NA	NA	NA	NA	"3641755"	NA	NA	NA	NA	NA	NA	NA	NA	NA	NA	NA	NA	NA	NA	NA	NA	NA	NA	NA	NA	NA	NA	NA	NA	NA	NA	NA	NA	NA	NA	NA	NA	NA	NA	NA	NA	NA	NA	NA	NA	NA	NA	NA
3647544	NA	NA	NA	NA	NA	NA	NA	NA	NA	NA	NA	NA	NA	NA	NA	NA	NA	NA	NA	NA	NA	NA	NA	NA	NA	NA	NA	NA	NA	NA	NA	NA	NA	NA	NA	NA	NA	NA	NA	NA	NA	NA	NA	NA	NA	NA	NA	NA	NA	NA	NA	NA	NA	NA	NA	NA	NA	NA	"3647544"	NA	NA	NA	NA	NA	NA	NA	NA	NA
3647549	NA	NA	NA	NA	NA	NA	NA	NA	NA	NA	NA	NA	NA	NA	NA	NA	NA	NA	NA	NA	NA	NA	NA	NA	NA	NA	NA	NA	NA	NA	NA	NA	NA	NA	NA	NA	NA	NA	NA	NA	NA	NA	NA	NA	NA	NA	NA	NA	NA	NA	NA	NA	NA	NA	NA	NA	NA	NA	"3647549"	NA	NA	NA	NA	NA	NA	NA	NA	NA
3647578	NA	NA	NA	NA	NA	NA	NA	NA	NA	NA	NA	NA	NA	NA	NA	NA	NA	NA	NA	NA	NA	NA	NA	NA	NA	NA	NA	NA	NA	NA	NA	NA	NA	NA	NA	NA	NA	NA	NA	NA	NA	NA	NA	NA	NA	NA	NA	NA	NA	NA	NA	NA	NA	NA	NA	NA	NA	NA	"3647578"	NA	NA	NA	NA	NA	NA	NA	NA	NA
3647579	NA	NA	NA	NA	NA	NA	NA	NA	NA	NA	NA	NA	NA	NA	NA	NA	NA	NA	NA	NA	NA	NA	NA	NA	NA	NA	NA	NA	NA	NA	NA	NA	NA	NA	NA	NA	NA	NA	NA	NA	NA	NA	NA	NA	NA	NA	NA	NA	NA	NA	NA	NA	NA	NA	NA	NA	NA	NA	"3647579"	NA	NA	NA	NA	NA	NA	NA	NA	NA
3647608	NA	NA	NA	NA	NA	NA	NA	NA	NA	NA	NA	NA	NA	NA	NA	NA	NA	NA	NA	NA	NA	NA	NA	NA	NA	NA	NA	NA	NA	NA	NA	NA	NA	NA	NA	NA	NA	NA	NA	NA	NA	NA	NA	NA	NA	NA	NA	NA	NA	NA	NA	NA	NA	NA	NA	NA	NA	NA	"3647608"	NA	NA	NA	NA	NA	NA	NA	NA	NA
3647609	NA	NA	NA	NA	NA	NA	NA	NA	NA	NA	NA	NA	NA	NA	NA	NA	NA	NA	NA	NA	NA	NA	NA	NA	NA	NA	NA	NA	NA	NA	NA	NA	NA	NA	NA	NA	NA	NA	NA	NA	NA	NA	NA	NA	NA	NA	NA	NA	NA	NA	NA	NA	NA	NA	NA	NA	NA	NA	"3647609"	NA	NA	NA	NA	NA	NA	NA	NA	NA
3647613	NA	NA	NA	NA	NA	NA	NA	NA	NA	NA	NA	NA	NA	NA	NA	NA	NA	NA	NA	NA	NA	NA	NA	NA	NA	NA	NA	NA	NA	NA	NA	NA	NA	NA	NA	NA	NA	NA	NA	NA	NA	NA	NA	NA	NA	NA	NA	NA	NA	NA	NA	NA	NA	NA	NA	NA	NA	NA	"3647613"	NA	NA	NA	NA	NA	NA	NA	NA	NA
3673333	NA	NA	NA	NA	NA	NA	NA	NA	NA	NA	NA	NA	NA	NA	NA	NA	NA	NA	NA	NA	NA	NA	NA	NA	NA	NA	NA	NA	NA	NA	NA	NA	NA	NA	NA	NA	NA	NA	NA	NA	NA	NA	NA	NA	NA	NA	NA	NA	NA	NA	NA	NA	NA	NA	NA	NA	NA	NA	NA	NA	NA	NA	"3673333"	NA	NA	NA	NA	NA
3673404	NA	NA	NA	NA	NA	NA	NA	NA	NA	NA	NA	NA	NA	NA	NA	NA	NA	NA	NA	NA	NA	NA	NA	NA	NA	NA	NA	NA	NA	NA	NA	NA	NA	NA	NA	NA	NA	NA	NA	NA	NA	NA	NA	NA	"3673404"	NA	NA	"3673404"	NA	"3673404"	NA	NA	NA	NA	NA	NA	NA	NA	NA	NA	NA	NA	NA	NA	NA	NA	NA	NA
3701596	NA	"3701596"	"3701596"	"3701596"	NA	NA	NA	NA	NA	"3701596"	NA	NA	NA	NA	NA	NA	NA	NA	NA	NA	NA	NA	NA	NA	"3701596"	NA	NA	NA	"3701596"	NA	NA	NA	"3701596"	NA	"3701596"	"3701596"	"3701596"	"3701596"	"3701596"	NA	"3701596"	"3701596"	"3701596"	"3701596"	NA	"3701596"	"3701596"	"3701596"	NA	"3701596"	"3701596"	"3701596"	NA	"3701596"	NA	NA	"3701596"	NA	"3701596"	"3701596"	"3701596"	"3701596"	"3701596"	"3701596"	"3701596"	"3701596"	"3701596"	NA
3785321	NA	NA	NA	NA	NA	NA	NA	NA	NA	NA	NA	NA	NA	NA	NA	NA	NA	NA	NA	NA	NA	NA	NA	NA	NA	NA	NA	NA	NA	NA	NA	NA	NA	NA	NA	NA	NA	NA	NA	NA	NA	NA	NA	NA	NA	NA	NA	NA	NA	NA	NA	NA	NA	NA	NA	NA	NA	NA	NA	NA	NA	NA	NA	NA	NA	"3785321"	NA	NA
4008271	NA	NA	NA	NA	NA	NA	NA	NA	NA	NA	NA	NA	NA	NA	NA	NA	NA	NA	NA	NA	NA	NA	NA	NA	NA	NA	NA	NA	NA	NA	NA	NA	NA	NA	NA	NA	NA	NA	NA	NA	NA	NA	NA	NA	NA	NA	NA	NA	NA	NA	NA	NA	NA	NA	NA	NA	NA	NA	NA	NA	NA	"4008271"	NA	NA	NA	NA	NA	NA
4091687	NA	NA	NA	NA	NA	NA	NA	NA	NA	NA	NA	NA	NA	NA	NA	NA	NA	NA	NA	NA	NA	NA	NA	NA	NA	NA	NA	NA	"4091687"	NA	NA	NA	NA	NA	NA	NA	NA	NA	NA	NA	NA	NA	NA	NA	NA	NA	NA	NA	NA	NA	NA	NA	NA	NA	NA	NA	NA	NA	NA	NA	NA	NA	NA	NA	NA	NA	NA	NA
4245711	NA	NA	NA	NA	NA	NA	NA	NA	NA	NA	"4245711"	NA	NA	NA	NA	NA	NA	NA	NA	NA	NA	NA	NA	NA	NA	NA	NA	NA	NA	NA	NA	NA	NA	NA	NA	NA	NA	NA	NA	NA	NA	NA	NA	NA	NA	NA	NA	NA	NA	NA	NA	NA	NA	NA	NA	NA	NA	NA	NA	NA	NA	NA	NA	NA	NA	NA	NA	NA
4274387	NA	"4274387"	"4274387"	NA	NA	NA	NA	NA	"4274387"	NA	NA	NA	"4274387"	"4274387"	NA	NA	NA	NA	NA	NA	NA	NA	NA	NA	NA	NA	NA	NA	NA	NA	NA	NA	NA	NA	NA	NA	NA	"4274387"	"4274387"	NA	"4274387"	NA	"4274387"	"4274387"	NA	"4274387"	"4274387"	NA	"4274387"	"4274387"	NA	"4274387"	"4274387"	"4274387"	"4274387"	"4274387"	"4274387"	"4274387"	NA	NA	"4274387"	NA	NA	NA	"4274387"	NA	NA	"4274387"
4274388	NA	"4274388"	"4274388"	NA	NA	NA	NA	NA	"4274388"	NA	NA	NA	"4274388"	"4274388"	NA	NA	NA	NA	NA	NA	NA	NA	NA	NA	NA	NA	NA	NA	NA	NA	NA	NA	NA	NA	NA	NA	NA	NA	NA	NA	"4274388"	NA	"4274388"	"4274388"	NA	"4274388"	"4274388"	NA	"4274388"	"4274388"	NA	"4274388"	"4274388"	"4274388"	"4274388"	"4274388"	"4274388"	"4274388"	NA	NA	"4274388"	NA	NA	"4274388"	"4274388"	NA	NA	"4274388"
4461682	"4461682"	"4461682"	NA	NA	NA	NA	NA	NA	NA	NA	NA	NA	NA	NA	NA	NA	NA	NA	NA	NA	NA	NA	NA	NA	NA	NA	NA	NA	NA	NA	NA	NA	NA	NA	NA	NA	NA	NA	NA	NA	NA	NA	NA	NA	NA	NA	NA	NA	NA	NA	NA	NA	NA	NA	NA	NA	NA	NA	NA	NA	NA	NA	NA	NA	NA	NA	NA	NA
