POS,REF,ALT,QUAL,DP,SAMP,GENE,CLOSE2EDGE
841945,A,ACTGAATACGAACATCAACCTATACAAA,.,134,data/Output Data//1,putative transposase,FALSE
3045798,AGG,A,440.8,86,data/Output Data//1,intergenic,NA
3045798,AGG,A,407.7,79,data/Output Data//10,intergenic,NA
4072145,CT,C,912.2,174,data/Output Data//10,prsA,FALSE
344471,G,A,572.9,156,data/Output Data//11,intergenic,NA
841945,A,ACTGAATACGAACATCAACCTATACAAA,.,144,data/Output Data//11,putative transposase,FALSE
3045798,AGG,A,394.6,77,data/Output Data//11,intergenic,NA
344471,G,A,1052.7,270,data/Output Data//12,intergenic,NA
841945,A,ACTGAATACGAACATCAACCTATACAAA,.,194,data/Output Data//12,putative transposase,FALSE
841945,A,ACTGAATACGAACATCAACCTATACAAA,.,162,data/Output Data//13,putative transposase,FALSE
841945,A,ACTGAATACGAACATCAACCTATACAAA,.,177.5,data/Output Data//14,putative transposase,FALSE
3045798,AGG,A,447.6,86,data/Output Data//14,intergenic,NA
4072329,T,TT,538.0,137,data/Output Data//14,prsA,FALSE
344471,G,A,604.2,158,data/Output Data//15,intergenic,NA
841945,A,ACTGAATACGAACATCAACCTATACAAA,.,141.5,data/Output Data//15,putative transposase,FALSE
1833620,G,GCTACGGGTTCGAGTCGTTCACATATTTGAAAACGGACAGTAAAACCGATCAATTCGGGCGGCNG,.,120,data/Output Data//15,intergenic,NA
3045798,AGG,A,439.2,85,data/Output Data//15,intergenic,NA
344471,G,A,636.4,166,data/Output Data//16,intergenic,NA
841945,A,ACTGAATACGAACATCAACCTATACAAA,.,171,data/Output Data//16,putative transposase,FALSE
1833620,G,GCTACGGGTTCGAGTCGTTCACATATTTGAAAACGGACAGTAAAACCGATCAATTCGGGCGGCNG,.,166.5,data/Output Data//16,intergenic,NA
3045798,AGG,A,411.8,81,data/Output Data//16,intergenic,NA
841945,A,ACTGAATACGAACATCAACCTATACAAA,.,216.5,data/Output Data//17,putative transposase,FALSE
2012094,CTGGAAAAGGCGATTCAGGAGATTTACAAGGCGAGCAAAGTATACGTATTTGCCAGGGGTTTTTCTGAATTCATTGGAACAGAACTGACAGTAAAGCTGCAGTTAATGGGTAAAAATTGTGAAATGCACAACGATCCTAACATTATCCGCGTTATCTCCCGGAAGCTGGTCAAAGACGATGTGGTACTGTTTGTTTCTCTAAACGGGGAGACCGGTGAACTGGTGGAGGCCTGCAAAAATTTCAAAATTAAGGAGATTCCGACCATCACCCTGACCACCCGGATCGATTCCAGCCTGGCCAGGCTTTCTGACATAGTCATTGTCGGTTACAAGGGGGAACAGTCCTTTTTTCCGGAATATGAAGTCCGTTCCAGACTTCCGCTGCATGTATTATCGCGGGTGCTGCTGGACGCTTATGTCATTCGACTGAATAACCATTAAACATCATTTTAGTCTCCTTTGGACAAAAAGTGACGGGAACAAAAATTTTTACCATCCTTAAAATGATGGAGAGGATAGAGCTATGATTACATACAATATTTGTTTTATCAGAAGAGGCGATCAAATTCTGCTTTTAAACCGGCAAAAGTCTTCCTGGATGGGAGCCTGGAATGGTATTGGCGGGAAAATTGAGCAGGGGGAAAGCCCTGTGGAATCAGTAAGAAGAGAAGTATTAGAGGAAACAGGTCTTTTCCTGCAGCCGGATAAATTTGAATGTAAGGGTTTGGTCACTTGGCTTGGTGATGACCGGAAATTGGGAGGGATGTACCTGTATAAAGCTTGTCTGGATAAGTCCGTTACTTATGAAACGCCGCTAAAAACAAGAGAGGGAATACTCGATTGGAAAGATATAACCTGGATTCTCCATCCGGAGAATAGGGGGGTAGCTGTGAATATTCCGGAATATCTTCCATATTTGCTTGAAGAGAAGGGATGCTTTATCCATCATTGCAACTTTAGGGGTTACCAGCTTGTGAATGTTAATTCCAGACCTGTTTCGCCGGAAATAGAGACAGATAAGAACTTGCTGGAACAGGAATTGCTGGATATCGCAGGAGTGAACGGACAGAGGGGCTTATAACCCGTCTGCCCGTGGAGATCCCGGTGAAGCCTGGTCTTCATCCGGCCCTTTTTCTTTGGATTTATTCAAAAAAAATACTCCGCCAATAATGAACAAAAGACCGAAGACAGCTATGACATTTAATGACTCCCGAAAAACAACAACACTGATTAGAGCGGTCAATGCCGTTCCGGCTCCTGCCCAAGTAGCATAGGCCAAACTCATGGATAAGTAGCGAAGGCAAAGGCTCAGGCAGTAAAAAGCAATGCTAAACCCAGCTATTATCCCCAAAGTCGGAAGGAAAACGGTAAAACCATCCGAGAATTTAAGCATAGTAGTCCCAAAGACTTCAGATATGATGGAGCACGTTAGAAATAAATAGCCAAATAAAGAACGTTTTTGAGCAGGATGTTTATCCATGAGAAGCAACCCCCGAAAGATTTAAAATAAAAACTCCACAGACAATGAGGACAAGACCTAGGAGAGACCGCTTGGTCAGCGACTCTTTAAAGAAAAAATAATCTACCAGAACGGTCAGCGACGTCCCGAGACCTGCCCAGGTGGCATATGCGAGATTAAGAGGTAAATAAGTTAAAGACTTGGAAAAGAAGTAAAAGGCGGAACCATACCCGAATACAACCAGGACAGCAGGCAGCCATTTCGTAAATCCTTTAGATAATTTCAACATGGTGGCTCCAAACATTTCTAAGGTAAGCGATACTGCTAAAGTTAGATATCCTATCATGATGTTCAGTTCTCCTTAGATAATCGAATCAATTCTTCAAGCACTTTTGACCGCATGTAAGGCTCCAGAGGATCTAATCCAAACAATTCGGAAAACCATAGCCCGTCAGAGGCCAACCGGATTAGATTGCTTTTTAATGGATCAATTCCATCATCTTCGAGCCTTTTCCGTAAATGGCCGTAAGTCTGCTTTAAAGGTTCGAGCGAATCAGGAGAAGTGGCAATACCCGCCAGC,C,.,149,data/Output Data//17,intergenic,NA
3045798,AGG,A,602.5,120,data/Output Data//17,intergenic,NA
2856363,C,A,193.6,53,data/Output Data//18,intergenic,NA
2856366,G,A,193.0,53,data/Output Data//18,intergenic,NA
2856457,T,C,229.8,61,data/Output Data//18,intergenic,NA
3045798,AGG,A,415.2,82,data/Output Data//18,intergenic,NA
4072204,G,A,508.7,134,data/Output Data//18,prsA,FALSE
224713,T,G,527.8,198,data/Output Data//19,putative PIN and TRAM-domain containing protein precursor,FALSE
710733,T,G,566.2,147,data/Output Data//19,intergenic,NA
841945,A,ACTGAATACGAACATCAACCTATACAAA,.,168.5,data/Output Data//19,putative transposase,FALSE
1833620,G,GCTACGGGTTCGAGTCGTTCACATATTTGAAAACGGACAGTAAAACCGATCAATTCGGGCGGCNG,.,138.5,data/Output Data//19,intergenic,NA
3045798,AGG,A,539.1,107,data/Output Data//19,intergenic,NA
3046114,C,TCAAGGACCTCAAGGTGACCAAGGACCTCAGGGTGATCAAGGACCTCAGGGCGATCAAGGGCCTCAAGGTGATCAAGGGCCTCAAGGTGACCAAGGACCTCAGGGCGACCAAGGACCTCAGGGTGAT,.,86,data/Output Data//19,intergenic,NA
3879448,C,A,480.8,133,data/Output Data//19,intergenic,NA
841945,A,ACTGAATACGAACATCAACCTATACAAA,.,193,data/Output Data//2,putative transposase,FALSE
1893384,T,A,558.9,154,data/Output Data//2,intergenic,NA
2641391,A,C,236.8,78,data/Output Data//2,intergenic,NA
2641393,C,T,227.2,78,data/Output Data//2,intergenic,NA
3045798,AGG,A,334.4,66,data/Output Data//2,intergenic,NA
841945,A,ACTGAATACGAACATCAACCTATACAAA,.,154.5,data/Output Data//20,putative transposase,FALSE
2341742,C,T,668.0,181,data/Output Data//20,intergenic,NA
2396275,GG,G,595.6,115,data/Output Data//20,intergenic,NA
3045798,AGG,A,413.7,80,data/Output Data//20,intergenic,NA
3046114,C,TCAAGGACCTCAAGGTGACCAAGGACCTCAGGGTGATCAAGGACCTCAGGGCGATCAAGGGCCTCAAGGTGATCAAGGGCCTCAAGGTGACCAAGGACCTCAGGGCGACCAAGGACCTCAGGGTGAT,.,84,data/Output Data//20,intergenic,NA
4072088,TTCCGTTACTTGTTTTTCAAATTCCTTAGAGGCATAGAAGTTTTGCTTCAGGATGTTCTCGATGTCTTTAAGCTCCATTTTCTCATCCTTCAGCACTTTATCCGCGCCACCTTCTTGCTGGTCCAGTATTTGTTTCATCT,T,.,181,data/Output Data//20,prsA,FALSE
841945,A,ACTGAATACGAACATCAACCTATACAAA,.,163.5,data/Output Data//21,putative transposase,FALSE
841945,A,ACTGAATACGAACATCAACCTATACAAA,.,139,data/Output Data//22,putative transposase,FALSE
3045798,AGG,A,272.2,53,data/Output Data//22,intergenic,NA
4072224,A,AA,598.2,161,data/Output Data//22,prsA,FALSE
344471,G,A,559.9,146,data/Output Data//23,intergenic,NA
841945,A,ACTGAATACGAACATCAACCTATACAAA,.,154,data/Output Data//23,putative transposase,FALSE
1833620,G,GCTACGGGTTCGAGTCGTTCACATATTTGAAAACGGACAGTAAAACCGATCAATTCGGGCGGCNG,.,126,data/Output Data//23,intergenic,NA
3045798,AGG,A,394.9,76,data/Output Data//23,intergenic,NA
344471,G,A,972.0,252,data/Output Data//24,intergenic,NA
3045798,AGG,A,439.9,85,data/Output Data//24,intergenic,NA
3046075,T,C,134.6,58,data/Output Data//24,intergenic,NA
3046114,C,TCAAGGACCTCAAGGTGACCAAGGACCTCAGGGTGATCAAGGACCTCAGGGCGATCAAGGGCCTCAAGGTGATCAAGGGCCTCAAGGTGACCAAGGACCTCAGGGCGACCAAGGACCTCAGGGTGAT,.,106,data/Output Data//24,intergenic,NA
344471,G,A,586.2,161,data/Output Data//25,intergenic,NA
841945,A,ACTGAATACGAACATCAACCTATACAAA,.,162.5,data/Output Data//25,putative transposase,FALSE
3045798,AGG,A,558.6,107,data/Output Data//25,intergenic,NA
841945,A,ACTGAATACGAACATCAACCTATACAAA,.,157,data/Output Data//26,putative transposase,FALSE
3045798,AGG,A,401.4,79,data/Output Data//26,intergenic,NA
3046114,C,TCAAGGACCTCAAGGTGACCAAGGACCTCAGGGTGATCAAGGACCTCAGGGCGATCAAGGGCCTCAAGGTGATCAAGGGCCTCAAGGTGACCAAGGACCTCAGGGCGACCAAGGACCTCAGGGTGAT,.,78.5,data/Output Data//26,intergenic,NA
841945,A,ACTGAATACGAACATCAACCTATACAAA,.,157,data/Output Data//27,putative transposase,FALSE
2012094,CTGGAAAAGGCGATTCAGGAGATTTACAAGGCGAGCAAAGTATACGTATTTGCCAGGGGTTTTTCTGAATTCATTGGAACAGAACTGACAGTAAAGCTGCAGTTAATGGGTAAAAATTGTGAAATGCACAACGATCCTAACATTATCCGCGTTATCTCCCGGAAGCTGGTCAAAGACGATGTGGTACTGTTTGTTTCTCTAAACGGGGAGACCGGTGAACTGGTGGAGGCCTGCAAAAATTTCAAAATTAAGGAGATTCCGACCATCACCCTGACCACCCGGATCGATTCCAGCCTGGCCAGGCTTTCTGACATAGTCATTGTCGGTTACAAGGGGGAACAGTCCTTTTTTCCGGAATATGAAGTCCGTTCCAGACTTCCGCTGCATGTATTATCGCGGGTGCTGCTGGACGCTTATGTCATTCGACTGAATAACCATTAAACATCATTTTAGTCTCCTTTGGACAAAAAGTGACGGGAACAAAAATTTTTACCATCCTTAAAATGATGGAGAGGATAGAGCTATGATTACATACAATATTTGTTTTATCAGAAGAGGCGATCAAATTCTGCTTTTAAACCGGCAAAAGTCTTCCTGGATGGGAGCCTGGAATGGTATTGGCGGGAAAATTGAGCAGGGGGAAAGCCCTGTGGAATCAGTAAGAAGAGAAGTATTAGAGGAAACAGGTCTTTTCCTGCAGCCGGATAAATTTGAATGTAAGGGTTTGGTCACTTGGCTTGGTGATGACCGGAAATTGGGAGGGATGTACCTGTATAAAGCTTGTCTGGATAAGTCCGTTACTTATGAAACGCCGCTAAAAACAAGAGAGGGAATACTCGATTGGAAAGATATAACCTGGATTCTCCATCCGGAGAATAGGGGGGTAGCTGTGAATATTCCGGAATATCTTCCATATTTGCTTGAAGAGAAGGGATGCTTTATCCATCATTGCAACTTTAGGGGTTACCAGCTTGTGAATGTTAATTCCAGACCTGTTTCGCCGGAAATAGAGACAGATAAGAACTTGCTGGAACAGGAATTGCTGGATATCGCAGGAGTGAACGGACAGAGGGGCTTATAACCCGTCTGCCCGTGGAGATCCCGGTGAAGCCTGGTCTTCATCCGGCCCTTTTTCTTTGGATTTATTCAAAAAAAATACTCCGCCAATAATGAACAAAAGACCGAAGACAGCTATGACATTTAATGACTCCCGAAAAACAACAACACTGATTAGAGCGGTCAATGCCGTTCCGGCTCCTGCCCAAGTAGCATAGGCCAAACTCATGGATAAGTAGCGAAGGCAAAGGCTCAGGCAGTAAAAAGCAATGCTAAACCCAGCTATTATCCCCAAAGTCGGAAGGAAAACGGTAAAACCATCCGAGAATTTAAGCATAGTAGTCCCAAAGACTTCAGATATGATGGAGCACGTTAGAAATAAATAGCCAAATAAAGAACGTTTTTGAGCAGGATGTTTATCCATGAGAAGCAACCCCCGAAAGATTTAAAATAAAAACTCCACAGACAATGAGGACAAGACCTAGGAGAGACCGCTTGGTCAGCGACTCTTTAAAGAAAAAATAATCTACCAGAACGGTCAGCGACGTCCCGAGACCTGCCCAGGTGGCATATGCGAGATTAAGAGGTAAATAAGTTAAAGACTTGGAAAAGAAGTAAAAGGCGGAACCATACCCGAATACAACCAGGACAGCAGGCAGCCATTTCGTAAATCCTTTAGATAATTTCAACATGGTGGCTCCAAACATTTCTAAGGTAAGCGATACTGCTAAAGTTAGATATCCTATCATGATGTTCAGTTCTCCTTAGATAATCGAATCAATTCTTCAAGCACTTTTGACCGCATGTAAGGCTCCAGAGGATCTAATCCAAACAATTCGGAAAACCATAGCCCGTCAGAGGCCAACCGGATTAGATTGCTTTTTAATGGATCAATTCCATCATCTTCGAGCCTTTTCCGTAAATGGCCGTAAGTCTGCTTTAAAGGTTCGAGCGAATCAGGAGAAGTGGCAATACCCGCCAGC,C,.,149,data/Output Data//27,intergenic,NA
3045798,AGG,A,469.3,94,data/Output Data//27,intergenic,NA
3046114,C,TCAAGGACCTCAAGGTGACCAAGGACCTCAGGGTGATCAAGGACCTCAGGGCGATCAAGGGCCTCAAGGTGATCAAGGGCCTCAAGGTGACCAAGGACCTCAGGGCGACCAAGGACCTCAGGGTGAT,.,77,data/Output Data//27,intergenic,NA
841945,A,ACTGAATACGAACATCAACCTATACAAA,.,149.5,data/Output Data//28,putative transposase,FALSE
2012094,CTGGAAAAGGCGATTCAGGAGATTTACAAGGCGAGCAAAGTATACGTATTTGCCAGGGGTTTTTCTGAATTCATTGGAACAGAACTGACAGTAAAGCTGCAGTTAATGGGTAAAAATTGTGAAATGCACAACGATCCTAACATTATCCGCGTTATCTCCCGGAAGCTGGTCAAAGACGATGTGGTACTGTTTGTTTCTCTAAACGGGGAGACCGGTGAACTGGTGGAGGCCTGCAAAAATTTCAAAATTAAGGAGATTCCGACCATCACCCTGACCACCCGGATCGATTCCAGCCTGGCCAGGCTTTCTGACATAGTCATTGTCGGTTACAAGGGGGAACAGTCCTTTTTTCCGGAATATGAAGTCCGTTCCAGACTTCCGCTGCATGTATTATCGCGGGTGCTGCTGGACGCTTATGTCATTCGACTGAATAACCATTAAACATCATTTTAGTCTCCTTTGGACAAAAAGTGACGGGAACAAAAATTTTTACCATCCTTAAAATGATGGAGAGGATAGAGCTATGATTACATACAATATTTGTTTTATCAGAAGAGGCGATCAAATTCTGCTTTTAAACCGGCAAAAGTCTTCCTGGATGGGAGCCTGGAATGGTATTGGCGGGAAAATTGAGCAGGGGGAAAGCCCTGTGGAATCAGTAAGAAGAGAAGTATTAGAGGAAACAGGTCTTTTCCTGCAGCCGGATAAATTTGAATGTAAGGGTTTGGTCACTTGGCTTGGTGATGACCGGAAATTGGGAGGGATGTACCTGTATAAAGCTTGTCTGGATAAGTCCGTTACTTATGAAACGCCGCTAAAAACAAGAGAGGGAATACTCGATTGGAAAGATATAACCTGGATTCTCCATCCGGAGAATAGGGGGGTAGCTGTGAATATTCCGGAATATCTTCCATATTTGCTTGAAGAGAAGGGATGCTTTATCCATCATTGCAACTTTAGGGGTTACCAGCTTGTGAATGTTAATTCCAGACCTGTTTCGCCGGAAATAGAGACAGATAAGAACTTGCTGGAACAGGAATTGCTGGATATCGCAGGAGTGAACGGACAGAGGGGCTTATAACCCGTCTGCCCGTGGAGATCCCGGTGAAGCCTGGTCTTCATCCGGCCCTTTTTCTTTGGATTTATTCAAAAAAAATACTCCGCCAATAATGAACAAAAGACCGAAGACAGCTATGACATTTAATGACTCCCGAAAAACAACAACACTGATTAGAGCGGTCAATGCCGTTCCGGCTCCTGCCCAAGTAGCATAGGCCAAACTCATGGATAAGTAGCGAAGGCAAAGGCTCAGGCAGTAAAAAGCAATGCTAAACCCAGCTATTATCCCCAAAGTCGGAAGGAAAACGGTAAAACCATCCGAGAATTTAAGCATAGTAGTCCCAAAGACTTCAGATATGATGGAGCACGTTAGAAATAAATAGCCAAATAAAGAACGTTTTTGAGCAGGATGTTTATCCATGAGAAGCAACCCCCGAAAGATTTAAAATAAAAACTCCACAGACAATGAGGACAAGACCTAGGAGAGACCGCTTGGTCAGCGACTCTTTAAAGAAAAAATAATCTACCAGAACGGTCAGCGACGTCCCGAGACCTGCCCAGGTGGCATATGCGAGATTAAGAGGTAAATAAGTTAAAGACTTGGAAAAGAAGTAAAAGGCGGAACCATACCCGAATACAACCAGGACAGCAGGCAGCCATTTCGTAAATCCTTTAGATAATTTCAACATGGTGGCTCCAAACATTTCTAAGGTAAGCGATACTGCTAAAGTTAGATATCCTATCATGATGTTCAGTTCTCCTTAGATAATCGAATCAATTCTTCAAGCACTTTTGACCGCATGTAAGGCTCCAGAGGATCTAATCCAAACAATTCGGAAAACCATAGCCCGTCAGAGGCCAACCGGATTAGATTGCTTTTTAATGGATCAATTCCATCATCTTCGAGCCTTTTCCGTAAATGGCCGTAAGTCTGCTTTAAAGGTTCGAGCGAATCAGGAGAAGTGGCAATACCCGCCAGC,C,.,110,data/Output Data//28,intergenic,NA
2629142,G,T,616.5,163,data/Output Data//28,intergenic,NA
2629166,A,G,461.9,119,data/Output Data//28,intergenic,NA
2856457,T,C,201.4,53,data/Output Data//28,intergenic,NA
3045798,AGG,A,556.3,110,data/Output Data//28,intergenic,NA
1572978,GCTGATTTTGGTGGCTTCGGCGATATCTTTGATATGTTTTTTGGCGGTGGAG,G,.,186,data/Output Data//29,dnaJ,FALSE
3045798,AGG,A,488.1,96,data/Output Data//29,intergenic,NA
841945,A,ACTGAATACGAACATCAACCTATACAAA,.,166,data/Output Data//3,putative transposase,FALSE
2629011,T,G,197.7,59,data/Output Data//3,intergenic,NA
2629142,G,T,824.9,217,data/Output Data//3,intergenic,NA
2629166,A,G,615.3,164,data/Output Data//3,intergenic,NA
2629196,A,G,263.5,71,data/Output Data//3,intergenic,NA
2629220,G,A,180.3,52,data/Output Data//3,intergenic,NA
3045798,AGG,A,598.2,116,data/Output Data//3,intergenic,NA
1572978,GCTGATTTTGGTGGCTTCGGCGATATCTTTGATATGTTTTTTGGCGGTGGAG,G,.,87,data/Output Data//30,dnaJ,FALSE
3045798,AGG,A,288.9,56,data/Output Data//30,intergenic,NA
841945,A,ACTGAATACGAACATCAACCTATACAAA,.,132.5,data/Output Data//31,putative transposase,FALSE
3046114,C,TCAAGGACCTCAAGGTGACCAAGGACCTCAGGGTGATCAAGGACCTCAGGGCGATCAAGGGCCTCAAGGTGATCAAGGGCCTCAAGGTGACCAAGGACCTCAGGGCGACCAAGGACCTCAGGGTGAT,.,71,data/Output Data//31,intergenic,NA
4072145,CT,C,891.1,172,data/Output Data//31,prsA,FALSE
1572978,GCTGATTTTGGTGGCTTCGGCGATATCTTTGATATGTTTTTTGGCGGTGGAG,G,.,127,data/Output Data//32,dnaJ,FALSE
3045798,AGG,A,315.7,63,data/Output Data//32,intergenic,NA
841945,A,ACTGAATACGAACATCAACCTATACAAA,.,184,data/Output Data//33,putative transposase,FALSE
1572978,GCTGATTTTGGTGGCTTCGGCGATATCTTTGATATGTTTTTTGGCGGTGGAG,G,.,204,data/Output Data//33,dnaJ,FALSE
841945,A,ACTGAATACGAACATCAACCTATACAAA,.,143,data/Output Data//34,putative transposase,FALSE
998675,A,G,783.4,192,data/Output Data//34,intergenic,NA
1833620,G,GCTACGGGTTCGAGTCGTTCACATATTTGAAAACGGACAGTAAAACCGATCAATTCGGGCGGCNG,.,92,data/Output Data//34,intergenic,NA
2743468,C,G,624.8,156,data/Output Data//34,intergenic,NA
3173077,G,GA,623.1,167,data/Output Data//34,intergenic,NA
841945,A,ACTGAATACGAACATCAACCTATACAAA,.,134,data/Output Data//4,putative transposase,FALSE
2629142,G,T,811.7,212,data/Output Data//4,intergenic,NA
2629166,A,G,549.6,145,data/Output Data//4,intergenic,NA
3045798,AGG,A,479.4,93,data/Output Data//4,intergenic,NA
841945,A,ACTGAATACGAACATCAACCTATACAAA,.,173,data/Output Data//5,putative transposase,FALSE
1572863,GTTTAAAGAGGCGAAG,G,.,174,data/Output Data//5,dnaJ,FALSE
3045798,AGG,A,450.9,86,data/Output Data//5,intergenic,NA
841945,A,ACTGAATACGAACATCAACCTATACAAA,.,141.5,data/Output Data//6,putative transposase,FALSE
1572978,GCTGATTTTGGTGGCTTCGGCGATATCTTTGATATGTTTTTTGGCGGTGGAG,G,.,149,data/Output Data//6,dnaJ,FALSE
1833620,G,GCTACGGGTTCGAGTCGTTCACATATTTGAAAACGGACAGTAAAACCGATCAATTCGGGCGGCNG,.,103.5,data/Output Data//6,intergenic,NA
3045798,AGG,A,330.6,66,data/Output Data//6,intergenic,NA
841945,A,ACTGAATACGAACATCAACCTATACAAA,.,154.5,data/Output Data//7,putative transposase,FALSE
1393338,G,T,459.9,123,data/Output Data//7,transcriptional regulator-like protein,FALSE
1572978,GCTGATTTTGGTGGCTTCGGCGATATCTTTGATATGTTTTTTGGCGGTGGAG,G,.,154,data/Output Data//7,dnaJ,FALSE
1958534,C,T,453.4,129,data/Output Data//7,intergenic,NA
3045798,AGG,A,622.7,119,data/Output Data//7,intergenic,NA
841945,A,ACTGAATACGAACATCAACCTATACAAA,.,151,data/Output Data//8,putative transposase,FALSE
3045798,AGG,A,711.7,139,data/Output Data//8,intergenic,NA
4072145,CT,C,857.0,165,data/Output Data//8,prsA,FALSE
841945,A,ACTGAATACGAACATCAACCTATACAAA,.,179,data/Output Data//9,putative transposase,FALSE
3045798,AGG,A,293.8,58,data/Output Data//9,intergenic,NA
4072145,CT,C,646.1,124,data/Output Data//9,prsA,FALSE
